{
    "classifier": "random_forest",
    "n_samples": 60,
    "target_1_count": 30,
    "target_1_percentage": 50.0,
    "accuracy": 0.9166666666666666,
    "class_0": {
        "precision": 0.9629629629629629,
        "recall": 0.8666666666666667,
        "f1": 0.9122807017543859,
        "support": 30
    },
    "class_1": {
        "precision": 0.8787878787878788,
        "recall": 0.9666666666666667,
        "f1": 0.9206349206349206,
        "support": 30
    },
    "roc_auc": 0.9838888888888889,
    "confusion_matrix": {
        "labels": [
            0,
            1
        ],
        "matrix": [
            [
                26,
                4
            ],
            [
                1,
                29
            ]
        ]
    }
}