{
    "classifier": "random_forest",
    "n_samples": 60,
    "target_1_count": 30,
    "target_1_percentage": 50.0,
    "accuracy": 0.9166666666666666,
    "class_0": {
        "precision": 0.9310344827586207,
        "recall": 0.9,
        "f1": 0.9152542372881356,
        "support": 30
    },
    "class_1": {
        "precision": 0.9032258064516129,
        "recall": 0.9333333333333333,
        "f1": 0.9180327868852459,
        "support": 30
    },
    "roc_auc": 0.9883333333333333,
    "confusion_matrix": {
        "labels": [
            0,
            1
        ],
        "matrix": [
            [
                27,
                3
            ],
            [
                2,
                28
            ]
        ]
    }
}