alpha,time,n_features,cost
0.5,0.004434823989868164,3,-0.2991790939066518
0.75,0.0036711692810058594,6,-0.7822637695655702
0.875,0.003587007522583008,9,-1.5869873861085897
0.9375,0.003133058547973633,15,-2.4353189950444465
0.953125,0.0035581588745117188,18,-3.395518801456776
0.9609375,0.0034928321838378906,20,-3.314334855328018
0.962890625,0.003576993942260742,23,-3.829822234429413
0.96484375,0.003584146499633789,26,-3.8146931457424222
0.96875,0.0032958984375,24,-4.356665386083064
