alpha,time,n_features,cost
0.5,0.003787994384765625,4,-0.30681297559194015
0.75,0.003504037857055664,5,-0.7488722529672338
0.875,0.0036029815673828125,8,-1.5570150731654961
0.9375,0.00351715087890625,15,-2.613689411652772
0.953125,0.003226041793823242,18,-3.3055182221480743
0.96875,0.0033299922943115234,25,-4.280746674237724
